{"cameraMode":{"drawMode":0,"name":"Shaded","section":"Shading Mode"},"sceneLighting":false,"audioPlay":false,"sceneViewState":{"showFog":true,"showMaterialUpdate":false,"showSkybox":false,"showFlares":true,"showImageEffects":true,"showParticleSystems":true},"in2DMode":false,"pivot":{"x":-3.733427047729492,"y":-1.101145625114441,"z":7.5635528564453129},"rotation":{"x":0.11570965498685837,"y":-0.48256948590278628,"z":0.0645623654127121,"w":0.8657770156860352},"size":17.592090606689454,"orthographic":false}