{"cameraMode":{"drawMode":0,"name":"Shaded","section":"Shading Mode"},"sceneLighting":true,"audioPlay":false,"sceneViewState":{"showFog":true,"showMaterialUpdate":false,"showSkybox":true,"showFlares":true,"showImageEffects":true,"showParticleSystems":true},"in2DMode":false,"pivot":{"x":7.3069963455200199,"y":3.7185497283935549,"z":-0.11599192023277283},"rotation":{"x":0.34324365854263308,"y":0.011288835667073727,"z":-0.004063296131789684,"w":0.9391698241233826},"size":4.188391208648682,"orthographic":false}